headline,timestamp,source,language
"Tenneco CleanINE19RI01016, TENNIND, 544612",2025-11-24 18:12:13,MoneyControl,English
"Billionbrains GINE0HOQ01053, GROWW, 544603",2025-11-24 18:12:13,MoneyControl,English
"PhysicswallahINE0LP301011, PWL, 544609",2025-11-24 18:12:13,MoneyControl,English
"Jaiprakash PowINE351F01018, JPPOWER, 532627",2025-11-24 18:12:13,MoneyControl,English
"LG ElectronicsINE324D01010, LGEINDIA, 544576",2025-11-24 18:12:13,MoneyControl,English
Credit CardsLifetimeFree,2025-11-24 18:12:13,MoneyControl,English
Most Active Stocks,2025-11-24 18:12:13,MoneyControl,English
ECONOMIC INDICATORS,2025-11-24 18:12:13,MoneyControl,English
Fundamental Scanner,2025-11-24 18:12:13,MoneyControl,English
Technical Scanner,2025-11-24 18:12:13,MoneyControl,English
ECONOMIC CALENDAR,2025-11-24 18:12:13,MoneyControl,English
FII & DII Activity,2025-11-24 18:12:13,MoneyControl,English
Corporate Action,2025-11-24 18:12:13,MoneyControl,English
Intraday Large Deals,2025-11-24 18:12:13,MoneyControl,English
SEASONALITY ANALYSIS,2025-11-24 18:12:13,MoneyControl,English
TECHNICAL TRENDS,2025-11-24 18:12:13,MoneyControl,English
TRADERS CONCLAVE,2025-11-24 18:12:13,MoneyControl,English
INTERVIEW SERIES,2025-11-24 18:12:13,MoneyControl,English
Cryptocurrency News,2025-11-24 18:12:13,MoneyControl,English
Bihar Elections 2025,2025-11-24 18:12:13,MoneyControl,English
Personal Finance,2025-11-24 18:12:13,MoneyControl,English
Bank Holidays 2025,2025-11-24 18:12:13,MoneyControl,English
Technical Analysis,2025-11-24 18:12:13,MoneyControl,English
CRYPTO DASHBOARD,2025-11-24 18:12:13,MoneyControl,English
IFSC CODE FINDER,2025-11-24 18:12:13,MoneyControl,English
PETROL PRICE IN INDIA,2025-11-24 18:12:13,MoneyControl,English
DIESEL PRICE IN INDIA,2025-11-24 18:12:13,MoneyControl,English
Health and Fitness,2025-11-24 18:12:13,MoneyControl,English
Top Ranked Funds,2025-11-24 18:12:13,MoneyControl,English
Performance Tracker,2025-11-24 18:12:13,MoneyControl,English
SIP Performance Tracker,2025-11-24 18:12:13,MoneyControl,English
Top Performing Categories,2025-11-24 18:12:13,MoneyControl,English
Returns Calculator,2025-11-24 18:12:13,MoneyControl,English
Lumpsum SIP Balancer,2025-11-24 18:12:13,MoneyControl,English
Delay Cost Calculator,2025-11-24 18:12:13,MoneyControl,English
Your MF Investment,2025-11-24 18:12:13,MoneyControl,English
Financial Planning,2025-11-24 18:12:13,MoneyControl,English
FDs @ 8.15% p.a.,2025-11-24 18:12:13,MoneyControl,English
Fixed Deposit Comparison,2025-11-24 18:12:13,MoneyControl,English
Fixed Deposit Interest Calculator,2025-11-24 18:12:13,MoneyControl,English
Corporate Deposits,2025-11-24 18:12:13,MoneyControl,English
Income tax Filing Guide,2025-11-24 18:12:13,MoneyControl,English
Income Tax Calculator,2025-11-24 18:12:13,MoneyControl,English
LTCG Tax on Property,2025-11-24 18:12:13,MoneyControl,English
BANK HOLIDAYS 2025,2025-11-24 18:12:13,MoneyControl,English
Pick your Loan Amount,2025-11-24 18:12:13,MoneyControl,English
Top Loan Providers,2025-11-24 18:12:13,MoneyControl,English
Aditya Birla Finance,2025-11-24 18:12:13,MoneyControl,English
Personal Loan Articles,2025-11-24 18:12:13,MoneyControl,English
Provident Fund Calculator,2025-11-24 18:12:13,MoneyControl,English
Assets Allocation Planning,2025-11-24 18:12:13,MoneyControl,English
Debt Reduction Planner,2025-11-24 18:12:13,MoneyControl,English
Debt Evaluation Calculator,2025-11-24 18:12:13,MoneyControl,English
Current Expense Calculator,2025-11-24 18:12:13,MoneyControl,English
CREDIT CARDSLIFETIMEFREE,2025-11-24 18:12:13,MoneyControl,English
REAL ESTATE : TRENDS & ANALYTICS,2025-11-24 18:12:13,MoneyControl,English
GOLD PRICE TODAY,2025-11-24 18:12:13,MoneyControl,English
Previous Transcripts,2025-11-24 18:12:13,MoneyControl,English
Previous Transcript,2025-11-24 18:12:13,MoneyControl,English
Membership Rules,2025-11-24 18:12:13,MoneyControl,English
Historical Polls,2025-11-24 18:12:13,MoneyControl,English
Market Sentiments,2025-11-24 18:12:13,MoneyControl,English
Opening & Closing Bell,2025-11-24 18:12:13,MoneyControl,English
Podcast on Demand,2025-11-24 18:12:13,MoneyControl,English
The Week on Dalal Street,2025-11-24 18:12:13,MoneyControl,English
MC Special Podcast,2025-11-24 18:12:13,MoneyControl,English
"Invest in top cryptocurrencies all over the worldSee the top gainers, losers, invest and get updated what's happening in the crypto marketInvest Now",2025-11-24 18:12:13,MoneyControl,English
Natco Pharma Share Price,2025-11-24 18:12:13,MoneyControl,English
Rail Vikas Nigam Shares,2025-11-24 18:12:13,MoneyControl,English
Indigo Share Price,2025-11-24 18:12:13,MoneyControl,English
Adani Green Share Price,2025-11-24 18:12:13,MoneyControl,English
Jump to Category,2025-11-24 18:12:13,MoneyControl,English
Trade setup for November 25: Top 15 things to know before the opening bells,2025-11-24 18:12:13,MoneyControl,English
"BNP Paribas, Integrated Core Strategies offload over 2% stake each in Paytm, Fortis Healthcare, GE Vernova T&D",2025-11-24 18:12:13,MoneyControl,English
"FIIs net sell Indian equities worth Rs 4,172 crore, while DIIs net buy Rs 4,513 crore",2025-11-24 18:12:13,MoneyControl,English
"Upcoming IPO: TPG, Apax Partners-backed AI firm Fractal Analytics receives SEBI nod to float its Rs 4,900-crore IPO",2025-11-24 18:12:13,MoneyControl,English
"SEBI approves IPO papers of Fractal Analytics, Amagi Media Labs, Sahajanand Medical",2025-11-24 18:12:13,MoneyControl,English
Bitcoin rises 9% from Friday lows but analysts say quick reclaim of recent peaks looks unlikely: Here's why,2025-11-24 18:12:13,MoneyControl,English
Top 10 Portfolio Management Strategies for the month of October,2025-11-24 18:12:13,MoneyControl,English
"Technical View: Nifty turns cautious ahead of F&O expiry, bears may take control if index breaks 25,850; Bank Nifty needs to defend 58,600",2025-11-24 18:12:13,MoneyControl,English
"Taking Stock: Nifty ends below 26,000 ahead of monthly expiry, Sensex dips 331 points; IT outperforms",2025-11-24 18:12:13,MoneyControl,English
"Daily Voice: Post-Q2, Motilal's Gautam Duggad turns most overweight on non-lending financials; prefers midcap IT over largecaps",2025-11-24 18:12:13,MoneyControl,English
"Nifty gives up 26,000, Sensex erases day's gains while most sectors settle in the red",2025-11-24 18:12:13,MoneyControl,English
"Sensex settles 550 pts lower from day's high, Nifty ends near 25,950: FII selling among key factors behind market decline",2025-11-24 18:12:13,MoneyControl,English
"Nifty Slips Below 26,100 Amid Sluggish Trade, Midcaps Struggle; IT Lends Support | Closing Bell Live",2025-11-24 18:12:13,MoneyControl,English
"Persistent Systems shares rise 2%, hit 10-month high after CLSA reiterates bullish call",2025-11-24 18:12:13,MoneyControl,English
Bajaj Electricals shares jump up to 9% as company looks to sell loss-making cookware unit Nirlep,2025-11-24 18:12:13,MoneyControl,English
"GIFT City-based DSP Global Equity Fund has Amazon as largest holding, 52 percent portfolio in 19 companies",2025-11-24 18:12:13,MoneyControl,English
"Real estate shares fall for 5th day, extend losses to 6%; analysts say 'valuations far ahead of fundamentals'",2025-11-24 18:12:13,MoneyControl,English
"Rupee at record low, breaches 89-mark; what does this mean for investors?",2025-11-24 18:12:13,MoneyControl,English
Howard Marks: 'People are shakily optimistic',2025-11-24 18:12:13,MoneyControl,English
"Funds build cash, valuations bite: Why midcaps may stay on the backfoot",2025-11-24 18:12:13,MoneyControl,English
"Defence index falls 2.5% on Tejas crash, Russia-Ukraine peace talks; Mishra Dhatu Nigam, BEML lead losses",2025-11-24 18:12:13,MoneyControl,English
LIVE: Samir Arora on beating the market and backing new-age stocks,2025-11-24 18:12:13,MoneyControl,English
"LIVE: Jim Rogers on the Next Big Money-Making Trends: Gold, Silver, AI or India?",2025-11-24 18:12:13,MoneyControl,English
Navratri to Diwali: Indians Travel & Spend Like Never Before | Festive Spotlight | 4K,2025-11-24 18:12:13,MoneyControl,English
"Rajeev Thakkar on hyper-competition, cash holdings and finding value in US and China",2025-11-24 18:12:13,MoneyControl,English
grievanceofficer@nw18.com,2025-11-24 18:12:13,MoneyControl,English
Dharmendra Death News,2025-11-24 18:12:13,MoneyControl,English
Dharmendra Net Worth,2025-11-24 18:12:13,MoneyControl,English
